Country,Years_Count,Animal_Protein_Intake,Avg_Fruit,Avg_Vege_cons,Death_RateRelative_Change,Avg_Physical_Act2000_2030,Animal_based_Food_Average,Avg_Adult_Obesity_BMI30,Avg_Child_Obesity_MBI2SD,Avg_Diabetes_18,Income_Level,Annual_FastFood_Sales_USD,PerCapita_Consumption_Min,PerCapita_Consumption_Max,Sum_Years_Span,Avg_Age,Avg_Boys_Percent,Avg_Girls_Percent,Avg_Males_Obesity_BMI_30kg_m2,Avg_Females_Obesity_BMI_30kg_m2,Avg_SugarCons_PerCapita_2019_2022
Afghanistan,62,9.804737089,92.96627701,109.7671402,0.35,0.3015,37.77260274,0.083415434,0.031105979,0.162136622,Upper-middle income,0.02,10,15,5,15.88,6.08,5.3,2.98,5.88,13.3
Albania,62,31.69734457,218.195933,451.3243588,1.5,0.23125,237.869863,0.163096175,0.047534884,0.072523071,Upper-middle income,0.0015,1,2,8,9.25,19.85,14.85,2.83,3.35,44.8625
Algeria,62,15.64895692,157.6182481,245.6332927,1.74,0.27575,87.60273973,0.169365753,0.092369655,0.141344485,Upper-middle income,0.5,12,15,5,20,8.1,9.47,4.7,10.03,31.86
Angola,62,11.96784478,130.5925822,75.16264051,1.75,0.299,32.38356164,0.712758288,0.18227759,0.298976507,High income,10,400,450,3,17,30.35,29.9,38.55,41.35,0
Antigua And Barbuda,62,47.32772273,425.9441651,121.8028127,1.21,0.1885,113.1575342,0.155339498,0.093964017,0.067928502,High income,1.5,200,250,2,46.5,0,0,13,14.4,0
Argentina,62,60.78938976,231.4075687,202.4157289,1.91,0.35725,169.6027397,0.071214315,0.019054984,0.138113589,High income,0.1,300,350,4,21,1.55,1.8,1.4,5.3,18.805
Armenia,31,31.58181758,235.8073729,561.7957211,0.41,0.37125,144.6246575,0.229277813,0.156597932,0.142823481,High income,1,100,150,1,43.5,0,0,30.4,46.5,0
Australia,62,60.7531427,244.8951967,247.9514774,0.22,0.25675,204.2027397,0.234612537,0.091850838,0.084677847,Lower-middle income,0.07,5,10,1,40,0,0,25,60,48.46
Austria,62,58.89648815,338.1183608,248.3272835,0.54,0.25825,190.4712329,0.1780271,0.056618917,0.092350785,Unknown,0.08,10,15,6,11.38,23.33,20.13,7.85,8.35,42.495
Azerbaijan,31,21.57027195,189.9932934,373.9040896,0.17,0.23875,95.09315068,0.229311297,0.102600519,0.053371067,Upper-middle income,30,150,200,7,16.17,10.4,6.93,3.5,6.25,52.3025
Bahamas,62,46.32323119,420.169378,328.2436135,-0.15,0.23525,70.94657534,0.132350948,0.074522739,0.047992044,High income,0.3,30,40,2,29.25,19.95,19.35,21.4,24,0
Bahrain,4,47.81883062,378.6826385,439.2685526,0.79,0.37325,26.40821918,0.188847184,0.043414415,0.101356376,High income,2,400,450,7,10.5,9.85,7.9,8.13,7.73,102.8125
Bangladesh,62,6.674284513,48.65771334,48.23309222,1.06,0.366,83.53835617,0.345369001,0.17079058,0.138165108,High income,0.15,50,60,6,16,23,14,6.17,5.43,42.9725
Barbados,62,46.36464402,217.539831,138.2489153,2.65,0.20725,130.6164384,0.299074236,0.130245915,0.176556082,Upper-middle income,200,60,100,8,16.38,9.5,10.54,2.94,5.3,56.4925
Belarus,31,52.28001388,159.6509438,346.595692,1.9,0.413,186.3315068,0.020149801,0.008140312,0.137484455,Upper-middle income,0.1,5,10,1,0,0,0,0,0,0
Belgium,23,58.45998745,248.9291471,434.3674439,0.35,0.155,56.3,0.267661391,0.140352504,0.171082518,High income,0.04,10,15,3,24.17,26,29.83,10.6,18.27,53.4
Belize,62,29.11134087,426.7734442,97.51922309,0.31,0.32125,30.92054794,0.197057958,0.051767041,0.053258288,High income,0.15,30,40,3,16.5,13.1,12.67,11,14.17,56.775
Benin,62,8.994146541,94.76373597,106.6725659,-0.3,0.38875,67.46986301,0.166307338,0.0567799,0.043332574,Unknown,1,80,100,8,15.79,1.56,6.16,0.27,1.2,10.165
Bermuda,49,64.60993775,397.2250662,351.0616382,1.93,0.1765,133.0876712,0.311516519,0.132379332,0.130179035,High income,1.2,200,250,3,13.83,14.47,15.03,7.8,14.47,65.6
Bhutan,4,17.82517439,113.4544203,147.6899018,1.53,0.107,93.50684931,0.065327966,0.025427496,0.066126246,Upper-middle income,0.08,5,10,3,23,3.77,2.7,5.53,7.07,51.3625
Bolivia,62,20.03058971,224.7021531,137.7310716,0.23,0.2255,144.3657534,0.229378238,0.112715178,0.143451749,Lower-middle income,0.0008,1,2,6,7.5,7.28,6.23,4.15,3.63,51.9125
Bosnia And Herzegovina,31,27.58424239,203.3575096,536.9049112,1.76,0.194,128.460274,0.060139636,0.02589114,0.126694025,Upper-middle income,0.015,2,5,5,18,10.08,11.4,7.8,12.35,40.5525
Botswana,62,22.16265505,84.59653512,82.15860353,1.64,0.243,23.82876712,0.177869825,0.08091071,0.109177614,Low income,0.1,1,3,7,19.1,2.34,4.22,0.94,3.9,10.135
Brazil,62,34.81394559,264.890721,98.97167161,0.97,0.3785,32.09315068,0.16307081,0.072821178,0.087578052,Upper-middle income,0.03,20,25,2,18,0,0,29.4,40,0
Brunei,49,35.84757701,197.5392974,175.3554772,1.41,0.30725,21.29041096,0.122959448,0.027349179,0.076668978,High income,1.5,250,300,3,19.83,5.13,7.37,2.87,5.63,14.33
Bulgaria,62,35.6532131,205.7540925,309.5407174,1.14,0.2875,160.0712329,0.168357623,0.084329442,0.087209766,High income,20,250,300,3,20,9.87,11.37,6.93,10.6,82.4075
Burkina Faso,62,7.192848483,26.76130357,69.48760715,0.91,0.16675,56.39589041,0.192933582,0.119576896,0.133579219,High income,50,350,400,7,15.38,6.18,7.18,5.08,6.03,46.6875
Burundi,13,2.328803952,281.2011392,105.0383416,0.27,0.1535,34.68630137,0.163622704,0.076999108,0.071797213,Lower-middle income,0.2,5,10,5,19.83,8.13,9.7,1.7,6.37,51.3875
Cambodia,62,11.23461818,74.76344069,139.4677977,1.16,0.285,106.8178082,0.029028817,0.004784145,0.063874142,High income,0.5,80,100,3,12.17,8.7,10.9,7.93,8.27,38.2925
Cameroon,62,10.80033557,304.7054237,177.0919892,0.32,0.135,78.77671233,0.025576,0.010688472,0.070788556,Upper-middle income,0.01,1,3,2,29.25,17.9,18.9,14.2,21.95,0
Canada,62,57.79609831,313.0738037,293.9890387,1.7,0.20425,106.4136986,0.092590166,0.020664144,0.088663378,Lower-middle income,0.02,1,3,4,20.33,15.67,13.67,8.97,9.83,0
Cape Verde,62,17.93894564,122.7741415,106.518852,2.36,0.33825,31.02328767,0.018589572,0.026567405,0.055905469,High income,0.8,60,80,7,9.25,19.9,13.53,3.35,2.45,40.66
Chad,62,9.815379232,38.10059759,27.76674386,0.35,0.196,138.1849315,0.095237828,0.018571841,0.084619635,High income,0.01,200,250,6,19,2.73,5.02,0.48,2.22,7.36
Chile,62,32.73146684,140.0395801,261.8490757,2.39,0.33825,14.65890411,0.223062546,0.092562127,0.06595694,Lower-middle income,6,5,10,5,17.17,0.53,2.83,0,0.57,4.7375
China,62,19.28607676,100.244595,486.6926943,1.16,0.22625,181.0958904,0.04869692,0.022220957,0.151359681,High income,1,200,250,6,23,1.65,1.4,1.68,5.63,0
Colombia,62,27.2289981,304.7500709,107.6635144,0.69,0.3205,84.86986301,0.03624312,0.015042689,0.07908354,High income,1,200,250,8,22.7,1.68,2.72,0.22,1.8,26.5875
Comoros,13,17.57539936,211.8612281,66.1817682,2.03,0.151,115.9315069,0.260220286,0.174531077,0.094320945,High income,4,150,200,5,14.38,6,5.73,1.63,8.28,11.075
Congo,62,16.18646752,141.2969532,61.9488478,1.33,0.17825,156.0767123,0.037935864,0.047352414,0.072978514,Upper-middle income,0.004,2,5,6,48.5,16,13,6.68,5.5,50.2675
Costa Rica,62,31.8791223,295.0140958,121.714788,1.45,0.3535,222.1205479,0.15553602,0.04429405,0.087327996,High income,100,400,450,3,12.33,20.04,10.55,6.05,6.02,0
Cote D'Ivoire,62,13.30716095,252.7232918,102.5054544,1.16,0.4735,27.51232877,0.088621411,0.020407849,0.049771644,Lower-middle income,0.35,5,10,5,43.5,0,0,8.2,13.7,0
Croatia,31,43.90603761,249.8601026,360.8185849,0.79,0.2135,95.94246575,0.062620813,0.010368231,0.104916573,High income,0.3,300,350,2,23.5,0.75,0.75,3.45,6.35,8.8025
Cuba,62,28.92572669,261.5238033,200.1286005,2.25,0.2395,13.78356164,0.594472416,0.226309234,0.270523646,High income,0.3,350,400,9,19.25,0.7,2.6,1.4,3.73,9.97
Cyprus,62,37.29021235,349.7991801,303.5634378,2.14,0.52475,66.8,0.217920697,0.087789592,0.130055592,Upper-middle income,0.3,100,150,5,10.38,25.45,25.58,7.58,9.6,45.23
Czechia,30,54.54687971,202.0000054,229.591316,0.21,0.4135,98.71232876,0.068090413,0.025381246,0.079312793,Upper-middle income,0.001,5,10,5,17.83,7.35,5.28,1.58,1.7,8.6975
Czechoslovakia,32,49.85566547,139.4119879,210.6278591,0.46,0.23575,53.97123288,0.202345272,0.076351716,0.063577345,Upper-middle income,25,200,250,7,17.38,14.23,13.65,3.6,5.6,56.36
Denmark,62,58.22764626,234.6927017,241.4489584,0.22,0.16625,86.77945206,0.142153873,0.110871255,0.098058039,Upper-middle income,0.05,20,30,6,19.25,2.45,7.88,0.92,5.7,25.6525
Djibouti,62,9.191499623,51.07457556,134.7384975,-0.07,0.18,239.5863014,0.201527127,0.112897858,0.06846428,Lower-middle income,0.002,1,3,9,22.6,0.96,4.08,0.5,4.76,0
Dominica,62,37.82322007,845.7238613,226.6991534,-0.24,0.2745,40.69315068,0.218418229,0.044725739,0.06235363,High income,2,250,300,3,24.5,39.8,22.5,24.73,25.6,0
East Timor,62,22.90437026,72.47271078,80.39012979,4.68,0.2255,21.03424658,0.116032827,0.055380938,0.027696869,High income,2,400,450,5,14,13.03,11.5,4.73,7.83,47.155
Ecuador,62,24.87364439,509.4029525,88.55378193,0.23,0.32925,58.5369863,0.059659949,0.015849511,0.070681439,Lower-middle income,0.008,1,2,5,21.1,0.7,6.81,1.02,5.18,0
Egypt,62,13.99490878,181.8107213,431.2987694,2.69,0.366,313.560274,0.217929651,0.110081861,0.171983803,Lower-middle income,0.7,5,10,4,16,19,17,10.4,6.25,79.9025
El Salvador,62,18.34090493,153.3350315,128.1506874,2.2,0.21,210.469863,0.190237221,0.078086805,0.106481017,Upper-middle income,0.03,10,15,2,10.25,5.95,4.35,6.4,9.4,50.885
Estonia,31,56.60270619,203.3391904,272.1278109,1.24,0.184875,102.7506849,0.036166974,0.019852602,0.077607851,High income,2,250,300,4,16,24,18,8.05,5.3,62.6725
Eswatini,62,16.77879901,168.8660688,64.01131855,2.36,0.265083333,52.01506849,0.177991059,0.075550921,0.080876882,High income,0.15,150,200,6,9.25,8.9,8.03,6,5.6,0
Ethiopia,30,5.279504338,18.87271801,35.73069496,1.6,0.249125,38.18767123,0.334683516,0.147267884,0.175185953,High income,0.03,20,25,8,14.13,3,3.95,0.33,1.9,0
Fiji,62,22.68149232,72.9547434,89.42245141,1.72,0.187583333,103.2972603,0.217168836,0.082109043,0.098691563,Lower-middle income,0.05,5,10,4,16,9,11,9.05,9.6,55.33
Finland,62,61.76523716,217.5070412,170.4946943,-0.32,0.260875,206.4150685,0.122802059,0.022308897,0.105897315,Upper-middle income,0.06,5,10,3,6.33,6.47,8.67,0,0,43.87
France,62,66.61581373,239.8533302,317.8793326,1.73,0.21525,23.92054795,0.021879016,0.014756579,0.067384314,Upper-middle income,0.09,5,10,3,26.75,11.85,12.95,4.3,16.35,64.025
French Polynesia,62,48.40980923,176.4794267,174.2118951,0.43,0.259666667,180.5808219,0.190110461,0.054606437,0.056520751,Lower-middle income,0.25,50,70,3,16.5,11.2,12.67,4.33,6.93,44.695
Gabon,62,35.66872524,445.7363924,122.2794282,1.85,0.220875,65.86164384,0.193601318,0.033600495,0.092229928,High income,2,100,150,6,14.13,13.55,12.22,5.08,7.73,77.0325
Gambia,62,11.44754489,13.88056089,55.62915394,-0.04,0.218833333,50.4,0.012294961,0.007451593,0.05897779,High income,0.5,80,100,8,18.2,9.4,9.42,4.96,20.92,23.35
Georgia,31,29.01960971,150.6084898,204.4534264,0.07,0.252083333,23.24520548,0.411121931,0.115588498,0.275514362,High income,0.5,400,450,6,8.25,9.25,9.7,4.88,8.3,33.72
Germany,62,56.92215868,270.6387698,237.3620514,0.78,0.173083333,20.84383562,0.263800739,0.059552285,0.174326532,High income,1,50,70,4,9.67,10.9,11.3,9.33,10,0
Ghana,62,13.54736732,320.6362045,84.7204522,2.9,0.237583333,88.48767124,0.181622159,0.065920042,0.052316465,Unknown,5,100,150,3,23.83,3.87,2.63,1.5,4.23,0
Greece,62,48.4001116,382.8441023,641.2350927,-0.19,0.358125,16.47945205,0.117129039,0.046713669,0.042867562,Upper-middle income,0.01,10,15,2,21,1,1.15,1,2.45,0
Grenada,62,36.3496157,396.3697611,116.4768962,-0.26,0.212875,70.63561644,0.417764517,0.177886471,0.152786768,High income,1,200,250,7,9.25,11.57,9.37,6.77,7.63,71.9775
Guatemala,62,14.54526475,142.5995315,119.6595264,1.98,0.1805,136.8465753,0.133549686,0.023020517,0.105964738,Upper-middle income,0.2,30,40,6,15.5,9.6,12.7,2.2,7.73,49.725
Guinea,62,6.237172152,289.770324,183.69562,0.26,0.209875,153.0356164,0.072223659,0.020153491,0.088081599,High income,0.2,200,250,4,21.13,5.83,5.63,0.1,0.38,7.57
Guinea-Bissau,62,7.655713275,139.9983334,58.39598456,-0.01,0.25225,240.4972603,0.236268175,0.054344665,0.092105708,High income,0.4,50,60,4,30.25,14.5,20.65,13.75,24.8,0
Guyana,62,29.80469941,232.9490016,183.2729789,0.05,0.19475,61.16575343,0.191507432,0.07570694,0.064578994,High income,0.1,30,40,4,15.5,4.03,3.35,5.38,21.68,139.9125
Haiti,62,7.296050311,289.2794564,93.19616371,0.74,0.267833333,34.13013698,0.082521519,0.031620655,0.064225402,Lower-middle income,0.002,5,10,4,17.25,9.85,8.65,6.73,7.4,48.1425
Honduras,62,17.14149809,210.678006,74.05868403,4.79,0.249583333,58.72054794,0.223645647,0.104707987,0.067186978,Upper-middle income,1.5,80,100,3,18,11,6.5,7.55,7.65,35.2275
Hong Kong,62,58.35809564,205.652294,246.288195,0.91,0.200166667,24.63835616,0.212424883,0.049677744,0.060107757,High income,8,250,300,1,15,0,0,15,23,0
Hungary,62,48.36437523,186.1946381,271.7064,0.81,0.253666667,212.5945205,0.211079565,0.112175887,0.143476345,High income,3,150,200,2,28,24.6,21.55,19.45,20.95,39.8325
Iceland,62,77.82761507,244.4911875,114.1154148,0.52,0.3015,175.9082192,0.169678234,0.05235162,0.145312442,High income,2.5,250,300,9,17.17,3.3,7.37,2.67,8.23,20.5475
India,62,8.819918583,99.25398194,153.7353973,0.93,0.29075,193.6835616,0.046489765,0.014381733,0.070497382,High income,3,300,350,4,17.17,1.37,2.67,1.3,6.73,55.12
Indonesia,62,11.07906029,107.9949845,75.9244016,3.97,0.33475,84.61780823,0.062442805,0.018080217,0.079167738,Lower-middle income,0.08,5,10,6,16.17,9.05,7.45,7.55,9,45.4625
Iran,62,15.41655815,292.3089664,366.8829183,0.02,0.310416667,93.85342466,0.184361702,0.069320267,0.153007247,Upper-middle income,0.4,50,70,8,10.25,9.57,9.43,6.37,6.33,46.6225
Iraq,62,10.74436738,131.7393606,376.4387639,0.11,0.28825,47.90273973,0.071032053,0.069626735,0.158884377,Upper-middle income,0.005,10,15,6,14.13,1.53,4.18,0.98,5.5,14.25
Ireland,62,61.6250237,233.058681,226.7222766,1.94,0.376583333,187.4054795,0.193975978,0.075419547,0.09103103,Unknown,0.003,5,10,2,12.25,16.15,16.1,14.45,14.4,0
Israel,62,57.67710436,415.7202376,507.8227232,2.14,0.356916667,55.72876712,0.22442166,0.082243388,0.079966021,Lower-middle income,0.001,1,2,6,9.25,18.07,15.63,4.03,3.83,37.505
Italy,62,52.77011233,350.4387167,430.4151149,1.38,0.19675,60.07808219,0.16756071,0.06487112,0.042577202,Upper-middle income,5,100,150,2,54.5,6.35,9.55,12,16,0
Jamaica,62,32.48886638,330.1395629,178.3387687,1.59,0.306875,75.46027397,0.033815415,0.012694818,0.158596377,Unknown,2,200,250,5,28.5,4.07,7.57,4.63,12.2,41.565
Japan,62,44.86941578,137.9392798,317.301631,-0.24,0.365625,133.0945205,0.04942753,0.037218243,0.067226057,Low income,0.06,1,3,1,15,0,0,14,23,0
Jordan,62,18.17206381,172.9719801,370.2904779,0.57,0.357875,30.86849315,0.182027969,0.064393549,0.104602065,High income,15,300,350,2,11.5,41.6,36.1,0,0,0
Kazakhstan,31,42.20797145,101.1206658,388.8835518,0.08,0.36475,162.7821918,0.307587815,0.112693601,0.181881253,High income,300,500,550,6,13,7.5,7.16,0,5.22,53.7025
Kenya,62,14.00300469,140.1973231,102.0970134,0.65,0.363333333,56.15068493,0.224603829,0.076875714,0.052138879,High income,0.05,20,25,1,0,0,0,0,0,0
Kiribati,62,28.9834404,167.1156956,149.2191158,0.52,0.25225,23.08356164,0.203697409,0.068250371,0.085465994,Lower-middle income,0.003,5,10,4,13.5,2.3,5.05,0,2.1,18.0525
Kuwait,62,36.60516743,238.2204821,444.0046828,2.27,0.237666667,14.39726027,0.152782382,0.105278817,0.05695751,Lower-middle income,0.35,20,30,1,2.5,3.1,1.3,0,0,10.2375
Kyrgyzstan,31,29.59107434,74.60508522,327.0617967,0.09,0.3515,253.8260274,0.221301216,0.081113145,0.143412449,Upper-middle income,0.02,5,10,3,20,6.87,7.63,4.67,11.33,57.6425
Laos,62,9.502482105,132.4986744,170.6807415,2.57,0.62025,151.9821918,0.034039925,0.038076537,0.061335464,Upper-middle income,0.03,5,10,6,13.5,2.03,3.33,0,2.8,24.7125
Latvia,31,51.58774966,141.831676,281.8021013,1.21,0.22975,112.6917808,0.340988557,0.104024481,0.175084305,Lower-middle income,0.3,5,10,5,17.17,1.47,9.43,0,7.37,53.8475
Lebanon,62,22.23972115,345.2344131,449.9364176,2.21,0.209666667,21.5,0.150373912,0.041307035,0.082051077,Upper-middle income,0.05,10,15,4,30,11.75,8.15,4.35,2.6,50.4725
Lesotho,62,9.538478764,49.15957952,56.20980871,0.26,0.175125,16.69315068,0.06639932,0.015669705,0.051273448,Lower-middle income,0.001,5,10,4,16,13.5,13.5,12.1,9.8,52.325
Liberia,62,8.38875493,144.8607185,86.33722089,0.62,0.32025,73.9589041,0.406567654,0.102144292,0.211029045,Unknown,0.005,50,70,3,18,13,8,12.15,10.25,88.6475
Libya,13,33.47977186,253.3658209,517.4132065,-0.14,0.09525,99.76986301,0.398298498,0.190522882,0.222112584,Lower-middle income,0.02,5,10,9,13.83,2.6,2.23,1.33,2.13,20.455
Lithuania,31,61.0719692,158.9324824,254.8183409,1.05,0.20075,59.15068493,0.171476764,0.04848293,0.089146359,High income,0.05,50,60,4,9.75,8.9,8.75,0.75,2.05,28.2325
Luxembourg,23,70.12709056,518.1545679,309.8463303,1.12,0.42175,124.1082192,0.039819575,0.029219434,0.069920437,Upper-middle income,0.001,5,10,3,11,8.17,7.7,5.73,10.4,33.1175
Macao,62,44.56268364,125.8673313,238.6105608,1.04,0.214125,70.27945206,0.199325763,0.044399367,0.06335651,Upper-middle income,0.02,5,10,4,12.33,11.2,9.73,8.53,14.2,23.0525
Madagascar,62,11.88673854,156.5273003,64.55071267,2.27,0.18125,54.47671233,0.235257392,0.1068877,0.150038953,High income,0.03,50,60,6,9,13.33,13.67,7.33,6.67,88.34
Malawi,62,5.889288064,192.0515432,78.94308885,0.17,0.14425,117.6273973,0.136459919,0.024735621,0.061679499,Upper-middle income,0.02,5,10,1,18,0,0,31.4,27.7,0
Malaysia,62,34.28852381,148.6619809,107.7395578,-0.17,0.123875,100.0671233,0.08253971,0.019917757,0.107669052,High income,0.001,200,250,6,21,9,9,9.45,8.3,50.92
Maldives,62,45.46190476,206.3707023,233.0212861,0.93,0.431875,135.0287671,0.294268081,0.089970403,0.207653451,High income,0.005,5,10,3,26,14.3,14.6,5.6,4.8,35.1925
Mali,62,12.92974909,80.05440446,131.7298103,1.14,0.229125,255.1767123,0.222568929,0.049900066,0.08002085,Lower-middle income,0.001,1,3,5,20.83,10.8,13.03,4.97,13.73,54.98
Malta,62,49.62166651,212.9427622,391.6857338,1.75,0.32025,60.68219178,0.172355575,0.052988672,0.052794483,Upper-middle income,0.1,10,15,3,10.83,3,2.67,1.57,1.47,28.2575
Marshall Islands,4,64.24706255,175.9249969,214.3593242,0.64,0.14475,21.32739726,0.019743333,0.008655511,0.070619734,Upper-middle income,0.03,5,10,5,8.33,15,14.33,5.67,6.33,0
Mauritania,62,27.91196113,33.02853711,50.71453707,1.12,0.344125,81.70410959,0.03626554,0.009153941,0.057654663,Lower-middle income,0.02,50,60,6,23.9,8.64,14.8,7.22,16.02,47.2925
Mauritius,62,25.93972427,79.14414995,137.6273001,0.31,0,55.20273973,0.132050659,0.091129174,0.152713876,Upper-middle income,0.15,50,70,6,6.67,7.93,6.5,3.98,7.65,30.855
Mexico,62,31.80912747,272.7341158,131.5748134,1.66,0,37.79452055,0.098690159,0.051444239,0.084730369,Lower-middle income,0.001,5,10,3,18,1.7,5.6,1.4,5.77,22.5225
Micronesia (Country),4,45.78848907,76.44953871,90.63608462,0.97,0,243.3876712,0.060383391,0.025104768,0.06169687,High income,0.03,50,60,6,20.33,11.15,11.85,8.03,13.9,47.51
Moldova,31,30.64813523,208.4296594,61.36162244,2.33,0,74.07260274,0.28663148,0.107628146,0.085037776,Lower-middle income,0.02,50,60,2,2.5,5.9,6.2,0,0,0
Mongolia,62,31.26586869,25.97353511,384.4946344,1.97,0,132.190411,0.412264862,0.097124507,0.317746799,High income,0.03,50,60,5,10.13,14.82,13.06,6.05,7.1,39.0875
Montenegro,17,67.34570859,397.5578815,237.493105,0.66,0,69.49999999,0.130909723,0.039109933,0.077803742,Low income,0.02,5,10,7,20.38,6.16,5.48,3.52,9.2,45.9475
Morocco,62,14.1385907,158.5715177,49.09721004,0.22,0,35.98630137,0.146784399,0.057387842,0.19918821,Low income,0.01,5,10,3,19.5,4.5,4.67,1.17,2.37,33.405
Mozambique,62,4.9965172,69.67185615,158.1578228,0.02,0,12.07123288,0.260093052,0.114405458,0.156037835,Upper-middle income,0.02,20,25,6,9.25,9.8,9.17,7.1,7.97,60.91
Myanmar,62,15.79552685,82.88627109,70.79712856,0.59,0,14.44520548,0.216173629,0.028867674,0.065227759,Unknown,0.001,5,10,6,21.5,6.82,10.9,5.32,10.5,75.5
Namibia,62,17.30256997,97.76713217,110.9759458,1.32,0,110.1986301,0.150000911,0.030445038,0.092642268,Upper-middle income,0.01,5,10,6,14.13,4.4,8.23,1.15,8.85,28.335
Nauru,4,71.72156995,223.7800737,164.1394558,1.47,0,212.5671233,0.136865871,0.06544076,0.072254833,Unknown,0.005,400,450,4,21,1.5,4.3,5.9,7.4,8.7
Nepal,62,7.910633728,79.99217682,256.3529907,1.29,0,105.2863014,0.147312315,0.040953302,0.147261324,Upper-middle income,0.01,5,10,5,16,14.68,14.9,8.45,11.85,44.435
Netherlands,62,65.19642362,336.2098094,142.8458112,0.84,0,111.1109589,0.049544552,0.009946754,0.065510551,Lower-middle income,0.002,1,3,1,0,0,0,0,0,0
Netherlands Antilles,49,59.77069309,287.5179333,149.9704806,1.35,0,84.36027397,0.044881346,0.032646709,0.086682846,Lower-middle income,0.01,5,10,5,9.25,9.53,8.97,6.6,6.9,94.7375
New Caledonia,62,42.85014303,217.0756634,325.0541723,0.55,0,77.98219178,0.119009382,0.020193998,0.087697774,Lower-middle income,0.01,5,10,4,16,11,10.5,9.35,7.4,159.93
New Zealand,62,48.79107415,250.5681214,47.15007686,1.59,0,61.33424657,0.682519965,0.214666791,0.287637851,Lower-middle income,0.01,5,10,4,17.17,0.7,0.93,0,0.9,9.075
Nicaragua,62,18.00183164,137.7228114,112.7081156,-0.02,0,38.3,0.027421684,0.011041616,0.107344487,Low income,0.001,1,2,1,0,0,0,0,0,0
Niger,62,9.917126974,32.46016554,148.6674584,0.37,0,152.5205479,0.125496003,0.037443911,0.052249122,Lower-middle income,0.5,5,15,5,12.88,1.3,4.95,0.5,3.25,8.6625
Nigeria,62,6.391315798,171.1917,346.4457486,2.62,0,203.460274,0.253656101,0.124396387,0.067627052,High income,0.001,5,10,3,11.83,13.23,10.8,5.97,8.67,43.3075
North Korea,58,12.19202426,116.3153681,548.4579139,2.05,0,178.7849315,0.241295745,0.078476807,0.106145932,High income,0.03,20,25,4,19.83,8.07,6.57,4.7,7.6,32.1375
North Macedonia,31,30.84862823,281.1060579,180.8434369,0.84,0,148.9109589,0.03189051,0.01390806,0.059518362,Lower-middle income,0.05,5,10,6,13.5,0.65,2.78,0,2.18,8.58
Norway,62,58.46872883,286.0737082,394.1394523,0.15,0,19.11780822,0.071095193,0.016340498,0.078292591,Lower-middle income,0.25,50,70,5,9.25,16,14.4,9.57,7.57,81.58
Oman,33,35.92871094,452.7440956,67.93922594,0.86,0,74.89726027,0.591834341,0.239170801,0.228466057,High income,2,100,150,8,21,3.38,2.42,4.43,13.7,0
Pakistan,62,17.13649134,84.92122579,76.64201455,1.94,0,88.62465754,0.055334593,0.041443304,0.083311142,High income,0.5,80,100,2,10.25,7.57,11.05,6.5,12.5,0
Panama,62,33.05997568,258.134344,151.2610846,-0.29,0,77.99589041,0.206198111,0.078052455,0.07281958,High income,0.5,400,450,6,22,4.7,7.2,2.15,14.6,42.72
Papua New Guinea,13,33.86722889,643.6079034,168.374633,1.06,0,97.23561644,0.143524665,0.051091853,0.049812218,High income,1,50,70,3,16.75,7.5,8,3.7,8.6,43.475
Paraguay,62,31.29696147,353.2973818,133.9985284,1.51,0,29.17260274,0.242092183,0.099564697,0.182544421,Unknown,5,100,150,1,15,0,0,16,34,0
Peru,62,22.48531063,240.7203313,170.9268668,1.36,0,74.58630136,0.106731316,0.023607651,0.175801895,Low income,0.01,5,10,4,10.13,12.83,13.35,9.03,10.4,42.845
Philippines,62,20.22198125,261.8076594,319.7303852,0.98,0,24.44383562,0.388377773,0.171333614,0.193237182,Unknown,0.001,5,10,5,23,9,7.57,7.13,8,48.7475
Poland,62,53.51055186,117.5149292,385.4644913,2.25,0,130.0575343,0.23037613,0.083387544,0.073513375,Upper-middle income,0.001,5,10,4,19.83,6.13,6.38,4.15,5.1,76.16
Portugal,62,50.53768824,258.7921504,513.2909769,1.68,0,32.56438356,0.161914917,0.083979119,0.189433176,Unknown,0.001,5,10,6,9.25,14.23,12.33,3.1,2,112.17
Qatar,4,50.50421834,267.8103606,419.6615097,2.45,0,121.2054795,0.221974091,0.078656941,0.100060309,High income,0.001,5,10,5,11.83,5.2,7.13,3.67,9.67,33.59
Romania,62,41.10223507,158.9788407,273.703306,1.7,0,173.9986301,0.165155645,0.067565629,0.071206677,High income,0.4,50,60,7,24.63,0.8,3.5,1.25,5.73,9.9725
Russia,31,48.76865686,152.3997844,92.17162463,2.51,0,28.75616438,0.048471928,0.022919784,0.071618461,High income,0.1,30,40,7,15.38,2.08,3.43,0.5,1.83,26.4225
Rwanda,62,3.663945703,858.3610193,84.57703756,0.16,0,82.2849315,0.203899342,0.055362685,0.066575299,Lower-middle income,0.002,5,10,4,13,3.18,4.2,0.85,3.3,63.39
Saint Kitts And Nevis,62,38.7498533,189.659964,68.5888282,-0.01,0,174.4986301,0.171184326,0.083558138,0.060204559,Upper-middle income,1.5,80,100,4,22,12.13,14.2,13.93,30.28,103.6825
Saint Lucia,62,38.59826289,487.9022758,88.81104015,0.41,0,28.78630137,0.304275951,0.129827839,0.167468983,High income,8,250,300,4,17.75,1.55,2.88,1.48,2.1,11.0875
Saint Vincent And The Grenadines,62,33.09384708,286.7419777,24.526405,3.76,0,71.16027397,0.344351129,0.152121854,0.209068503,High income,3,150,200,4,10.17,5.87,6.47,4.97,5.7,45.9575
Samoa,62,34.9832652,525.5719165,95.87190004,0.26,0,44.62054795,0.18509118,0.040214904,0.059843332,Lower-middle income,0.02,5,10,2,41,0,0,17,21,43.355
Sao Tome And Principe,62,12.92789171,301.5933214,396.586666,0.22,0,243.9178082,0.205754738,0.055183566,0.060463345,Low income,0.01,1,3,4,11.5,15.9,15.6,16.35,17.45,58.7225
Saudi Arabia,62,31.83202685,334.2637787,110.7764635,0.45,0,227.5383562,0.019759911,0.007362727,0.042495817,Upper-middle income,0.001,5,10,6,19.83,2.87,11.4,3.97,9.93,40.5725
Senegal,62,14.30279364,37.61642247,351.2732905,-0.06,0,82.52739726,0.341248415,0.140642278,0.143389952,High income,2.5,250,300,3,21,0.6,1.57,1.3,2.1,5.715
Serbia,17,49.80653321,381.837421,332.4943922,0.67,0,40.82876713,0.22094974,0.115001983,0.133908491,High income,3,300,350,10,14.58,3.57,6.32,1.08,3.17,9.17
Serbia And Montenegro,14,45.8418115,246.3805084,301.0445828,0.33,0,31.77671233,0.236340377,0.118248045,0.108908775,Unknown,0.001,1,2,3,15,33.05,34.2,29.6,31.35,0
Seychelles,13,46.63371685,244.5574855,140.224381,1.12,0,44.06164384,0.525959924,0.137745676,0.157043764,Lower-middle income,0.08,5,10,1,2.5,2.3,2.3,0,0,0
Sierra Leone,62,9.289356689,95.18053655,233.6092191,0.1,0,17.45616438,0.096689109,0.02557737,0.099392742,Upper-middle income,0.4,50,70,6,10.25,15.7,12.33,3.7,3.3,49.335
Slovakia,30,37.5011461,167.797997,250.0635956,1.96,0,91.62465753,0.330910383,0.108157335,0.233305125,Upper-middle income,0.005,10,15,4,12.25,12.25,13.25,13.9,13.55,0
Slovenia,31,54.56815147,340.8341635,46.93865831,1.51,0,125.9931507,0.060940913,0.010472587,0.075393906,Unknown,0.003,5,10,1,0,0,0,0,0,0
Solomon Islands,62,18.59373991,123.4919063,54.98795852,0.45,0,116.8643836,0.171479082,0.076743701,0.072224423,Lower-middle income,0.001,1,2,3,16,12.5,6,9.05,7.45,57.1
Somalia,13,17.6426798,46.25449928,490.9437957,0.81,0,33.97123288,0.226668843,0.088328969,0.151781911,Upper-middle income,5,100,150,4,11.83,10.73,11.33,7.73,13.1,31.8625
South Korea,62,27.55832206,117.4967494,405.2373829,0.9,0,119.460274,0.047424895,0.018930192,0.07948411,Upper-middle income,0.01,5,10,6,22.75,3.05,3.83,3.03,7.75,27.6625
Spain,62,55.16259382,253.5672393,82.49707973,0.25,0,73.50821918,0.071628241,0.090533554,0.119566415,Upper-middle income,0.001,5,10,4,44.5,0,0,20.15,22.7,0
Sri Lanka,62,11.79885472,127.9211629,219.470301,0.18,0,181.660274,0.190925242,0.063826554,0.0620145,Low income,0.06,1,3,4,18.33,13.93,11.93,8.23,12.93,0
Sudan,11,15.99008233,176.0152279,113.3557437,0.1,0,225.0041096,0.157264171,0.079610697,0.072153169,Upper-middle income,0.1,5,10,3,12.17,13.53,18.63,9.23,14.1,50.86
Suriname,62,26.32458526,174.6345805,209.5874012,1.97,0,150.0520548,0.182615462,0.037048107,0.074565789,High income,2,200,250,5,21,7.15,6.55,2.55,4.35,11.785
Sweden,62,63.87154924,256.1156187,269.2561706,1.58,0,143.6356164,0.079366873,0.015750998,0.080342986,High income,15,300,350,3,20.67,12.73,12.07,6.63,8.87,22.265
Switzerland,62,55.64082822,335.6319623,268.8007701,0.84,0,47.00958904,0.247780219,0.047036132,0.136467569,High income,300,500,550,7,16.9,11.26,8.42,4.26,11.52,21.13
Syria,13,16.38638756,236.8232875,290.4959623,0.05,0,93.46575343,0.03510839,0.076624937,0.085869717,High income,0.05,20,25,6,14.88,6.5,5,1.83,3.05,24.925
Taiwan,62,35.47085501,236.7598804,379.9517124,2.03,0,60.06986301,0.044074771,0.02323167,0.070943202,Lower-middle income,0.05,5,10,8,8.33,12.53,10.13,3.83,3.15,46.0225
Tajikistan,31,12.26686755,72.72124683,116.324029,0.65,0,20.38356164,0.181670884,0.099058181,0.062480689,Lower-middle income,0.003,5,10,6,9.25,11.9,13.93,5.23,5.13,30.165
Tanzania,62,9.417646685,154.5360983,126.0291723,1.25,0,20.41232877,0.046041377,0.028776294,0.136714323,Unknown,0.001,5,10,3,0,21.7,19.85,0,0,0
Thailand,62,20.12276636,250.2174538,80.69855716,-0.2,0,27.29863014,0.310867397,0.07185843,0.171338236,Unknown,0.05,5,10,7,18,12.86,10.8,6.08,7.34,38.665
Togo,62,6.411169588,29.21256212,660.3986908,-0.18,0,0,0.097187729,0.025508351,0.119348097,Lower-middle income,0.35,20,30,1,15,0,0,12,20,0
Tonga,4,75.69336816,248.2743661,99.14437311,1.2,0,0,0.198641754,0.107322658,0.148527185,Low income,0.001,1,2,5,9.25,13.53,10.37,3.4,3.37,31.1425
Trinidad And Tobago,62,31.67650336,199.0123608,451.5508675,1.06,0,0,0.133298331,0.062596753,0.040483771,Lower-middle income,0.02,5,10,7,28.5,14.03,12.63,10,13.17,0
Tunisia,62,17.56988036,190.493835,540.4071723,0.41,0,0,0.114935041,0.057048782,0.038030199,Lower-middle income,0.01,5,10,6,21,2.13,7.17,0.43,2.47,13.235
Turkey,62,25.25426286,328.9824741,329.2613775,1.59,0,0,0.266703777,0.097181806,0.177044691,Unknown,0,0,0,3,29.25,16.3,16.25,18.95,26.25,78.1825
Turkmenistan,31,25.58100256,131.1950479,191.4991891,2.1,0,0,0.065516894,0.084162193,0.087961832,Unknown,0,0,0,5,17.17,8.03,7.5,6.87,15.37,65.465
Tuvalu,4,54.19036895,278.2421297,62.87954618,2.34,0,0,0.148407092,0.013510759,0.105578967,Unknown,0,0,0,3,29.25,12.35,16.85,6.6,20.4,65.2025
Uganda,62,10.03756405,451.1094521,360.5111602,0.14,0,0,0.061775788,0.007296561,0.06356641,Unknown,0,0,0,8,18.6,14.08,16.18,8.96,27.1,41.4375
Ukraine,31,38.90210625,121.3449978,395.0675461,0.79,0,0,0.082940173,0.067630781,0.084531111,Unknown,0,0,0,3,0,37,35,0,0,0
United Arab Emirates,62,39.74968753,267.7505943,260.082999,0.78,0,0,0.009823667,0.005892044,0.045806243,Unknown,0,0,0,2,23.5,2.8,1.7,3.3,8.25,35.865
United Kingdom,62,52.36461324,233.2618142,306.522562,1.91,0,0,0.057365544,0.016830621,0.0634678,Unknown,0,0,0,3,8.5,21.13,18.53,7.6,7.83,32.435
United States,62,70.82984027,308.1818048,145.4481419,1.18,0,0,0.634066775,0.21122137,0.297287025,Unknown,0,0,0,2,12.25,15.5,14.5,15,17,0
Uruguay,62,47.64465166,185.3271391,249.7642215,1.25,0,0,0.59755521,0.182881355,0.204169001,Unknown,0,0,0,6,17.17,0.45,2.13,0.25,1.45,18.715
Ussr,31,45.10148715,98.66665118,535.1516434,0.57,0,0,0.226544484,0.100778451,0.199563903,Unknown,0,0,0,4,9.25,14.57,8.97,4.57,3.1,15.0475
Uzbekistan,31,28.93376,174.0666119,143.4037961,1.33,0,0,0.198257662,0.049220707,0.116732218,Unknown,0,0,0,3,20.33,12.83,15.2,9.07,16.2,48.2275
Vanuatu,62,26.70918432,216.3071845,93.42298914,0.12,0,0,0.274535189,0.059857576,0.112900857,Unknown,0,0,0,4,20.38,2.98,3.98,0.38,4.53,7.1125
Venezuela,62,29.32939185,289.4830414,199.601257,3.42,0,0,0.150181053,0.024019088,0.152810053,Unknown,0,0,0,5,24.25,7.13,4.88,3.28,2.55,0
Vietnam,62,15.46592087,138.9887914,245.8397894,-0.44,0,0,0.568485712,0.178692654,0.155850852,Unknown,0,0,0,4,16,14,12.5,9.5,7.35,69.7325
World,62,24.79441838,154.4343105,77.1626198,0.23,0,0,0.034218392,0.011423335,0.044647448,Unknown,0,0,0,4,16,13,12.5,10.9,7.1,44.925
Yemen,62,7.673720468,77.5575841,250.6769092,0.14,0,0,0.202517233,0.026384201,0.063485588,Unknown,0,0,0,3,16.5,7.63,10.77,2.93,5.97,19.7175
Yugoslavia,31,31.04597519,158.9356144,77.8640781,1.13,0,0,0.311080564,0.151334284,0.257109182,Unknown,0,0,0,2,17.25,1.4,1.55,0,7.55,0
Zambia,62,10.74764992,29.51234288,39.95795113,2.06,0,0,0.218389764,0.092277648,0.058848647,Unknown,0,0,0,4,9.5,9.27,11.73,5.1,13.77,38.945
Zimbabwe,62,13.19106023,36.77241592,0,2.68,0,0,0.323376924,0.186141915,0.091438655,Unknown,0,0,0,5,11.5,10.53,9.3,2.88,1.9,49.685
